order_id,customer_id,product,quantity,unit_price,order_date
1001,C001,Mechanical Keyboard,1,89.99,01-02-2026
1001,C001,USB-C Cable,1,12.99,01-02-2026
1001,C001,Desk Lamp,1,39.5,01-02-2026
1002,C001,Standing Desk,1,289,01-02-2026
1002,C001,Wireless Mouse,1,24.99,01-02-2026
1003,C001,Noise-Canceling Headphones,1,149,01-02-2026
1003,C001,Desk Lamp,1,39.5,01-02-2026
1004,C001,Mechanical Keyboard,1,89.99,01-02-2026
1004,C001,Running Shoes,1,95,01-02-2026
1005,C002,Desk Lamp,1,39.5,01-02-2026
1005,C002,Notebook,1,6.5,01-02-2026
1005,C002,Pen Set,1,9.99,01-02-2026
1006,C002,Water Bottle,1,18,01-02-2026
1006,C002,Yoga Mat,1,32,01-02-2026
1007,C002,Running Shoes,1,95,01-02-2026
1007,C002,Notebook,1,6.5,01-02-2026
1008,C002,Desk Lamp,1,39.5,01-02-2026
1008,C002,USB-C Cable,1,12.99,01-02-2026
1009,C003,Notebook,1,6.5,01-02-2026
1009,C003,Pen Set,1,9.99,01-02-2026
1010,C003,Water Bottle,1,18,01-02-2026
1011,C003,Notebook,1,6.5,01-02-2026
1012,C003,Yoga Mat,1,32,01-02-2026
1012,C003,Pen Set,1,9.99,01-02-2026
1013,C004,Mechanical Keyboard,1,89.99,01-02-2026
1013,C004,USB-C Cable,1,12.99,01-02-2026
1013,C004,Desk Lamp,2,39.5,01-02-2026
1014,C004,Standing Desk,1,289,01-02-2026
1014,C004,Wireless Mouse,1,24.99,01-02-2026
1015,C004,Noise-Canceling Headphones,1,149,01-02-2026
1015,C004,Desk Lamp,1,39.5,01-02-2026
1016,C004,Mechanical Keyboard,1,89.99,01-02-2026
1016,C004,Running Shoes,1,95,01-02-2026
1017,C005,Desk Lamp,1,39.5,01-02-2026
1017,C005,Notebook,1,6.5,01-02-2026
1017,C005,Pen Set,1,9.99,01-02-2026
1018,C005,Water Bottle,1,18,01-02-2026
1018,C005,Yoga Mat,1,32,01-02-2026
1019,C005,Running Shoes,1,95,01-02-2026
1019,C005,Notebook,1,6.5,01-02-2026
1020,C005,Desk Lamp,4,39.5,01-02-2026
1020,C005,USB-C Cable,1,12.99,01-02-2026
1021,C006,Notebook,1,6.5,01-02-2026
1021,C006,Pen Set,1,9.99,01-02-2026
1022,C006,Water Bottle,1,18,01-02-2026
1023,C006,Notebook,5,6.5,01-02-2026
1024,C006,Yoga Mat,1,32,01-02-2026
1024,C006,Pen Set,1,9.99,01-02-2026
1025,C007,Mechanical Keyboard,1,89.99,01-02-2026
1025,C007,USB-C Cable,1,12.99,01-02-2026
1025,C007,Desk Lamp,1,39.5,01-02-2026
1026,C007,Standing Desk,1,289,01-02-2026
1026,C007,Wireless Mouse,1,24.99,01-02-2026
1027,C007,Noise-Canceling Headphones,1,149,01-02-2026
1027,C007,Desk Lamp,1,39.5,01-02-2026
1028,C007,Mechanical Keyboard,1,89.99,01-02-2026
1028,C007,Running Shoes,1,95,01-02-2026
1029,C008,Desk Lamp,1,39.5,01-02-2026
1029,C008,Notebook,1,6.5,01-02-2026
1029,C008,Pen Set,10,9.99,01-02-2026
1030,C008,Water Bottle,1,18,01-02-2026
1030,C008,Yoga Mat,1,32,01-02-2026
1031,C008,Running Shoes,1,95,01-02-2026
1031,C008,Notebook,1,6.5,01-02-2026
1032,C008,Desk Lamp,1,39.5,01-02-2026
1032,C008,USB-C Cable,1,12.99,01-02-2026
1033,C009,Notebook,1,6.5,01-02-2026
1033,C009,Pen Set,1,9.99,01-02-2026
1034,C009,Water Bottle,1,18,01-02-2026
1035,C009,Notebook,1,6.5,01-02-2026
1036,C009,Yoga Mat,1,32,01-02-2026
1036,C009,Pen Set,1,9.99,01-02-2026
1037,C010,Mechanical Keyboard,1,89.99,01-02-2026
1037,C010,USB-C Cable,1,12.99,01-02-2026
1037,C010,Desk Lamp,1,39.5,01-02-2026
1038,C010,Standing Desk,1,289,01-02-2026
1038,C010,Wireless Mouse,1,24.99,01-02-2026
1039,C010,Noise-Canceling Headphones,1,149,01-02-2026
1039,C010,Desk Lamp,1,39.5,01-02-2026
1040,C010,Mechanical Keyboard,1,89.99,01-02-2026
1040,C010,Running Shoes,1,95,01-02-2026
1041,C011,Desk Lamp,1,39.5,01-02-2026
1041,C011,Notebook,1,6.5,01-02-2026
1041,C011,Pen Set,1,9.99,01-02-2026
1042,C011,Water Bottle,1,18,01-02-2026
1042,C011,Yoga Mat,1,32,01-02-2026
1043,C011,Running Shoes,1,95,01-02-2026
1043,C011,Notebook,1,6.5,01-02-2026
1044,C011,Desk Lamp,1,39.5,01-02-2026
1044,C011,USB-C Cable,1,12.99,01-02-2026
1045,C012,Notebook,1,6.5,01-02-2026
1045,C012,Pen Set,1,9.99,01-02-2026
1046,C012,Water Bottle,1,18,01-02-2026
1047,C012,Notebook,1,6.5,01-02-2026
1048,C012,Yoga Mat,1,32,01-02-2026
1048,C012,Pen Set,1,9.99,01-02-2026
2001,C003,Notebook,1,6.5,11-02-2026
2002,C003,Pen Set,1,9.99,11-02-2026
2003,C006,Water Bottle,1,18,12-02-2026
2004,C006,Yoga Mat,1,32,12-02-2026
2005,C005,Running Shoes,1,95,13-02-2026
2006,C005,Desk Lamp,1,39.5,13-02-2026
2007,C011,Water Bottle,1,18,14-02-2026
2008,C011,Pen Set,1,9.99,14-02-2026
2009,C001,Mechanical Keyboard,1,89.99,15-02-2026
2010,C001,USB-C Cable,1,12.99,15-02-2026
2011,C004,Standing Desk,1,289,16-02-2026
2012,C004,Wireless Mouse,1,24.99,16-02-2026
2013,C007,Noise-Canceling Headphones,1,149,17-02-2026
2014,C007,Desk Lamp,1,39.5,17-02-2026
2015,C010,Running Shoes,1,95,18-02-2026
2016,C010,Yoga Mat,1,32,18-02-2026
3001,C014,Notebook,1,6.5,03-02-2026
3002,C013,Pen Set,1,9.99,04-02-2026
3003,C014,Notebook,2,6.5,03-02-2026
3004,C015,Pen Set,1,9.99,04-02-2026
